Wall time,Step,Value
1681386650.077063,0,0.6750448942184448
1681386650.553085,100,0.8689407706260681
1681386651.0173085,200,0.8725314140319824
1681386651.4538722,300,0.8833034038543701
1681386651.9515717,400,0.888689398765564
1681386652.5049074,500,0.8815080523490906
1681386653.1027956,600,0.8761220574378967
1681386653.7513697,700,0.8833034038543701
1681386654.2475924,800,0.8635547757148743
