Wall time,Step,Value
1681386739.4240339,0,0.6750448942184448
1681386740.0721452,100,0.8168761134147644
1681386740.7523959,200,0.8491920828819275
1681386741.2011824,300,0.8635547757148743
1681386741.6513968,400,0.8797127604484558
1681386742.1136284,500,0.8815080523490906
1681386742.5564957,600,0.8833034038543701
1681386743.058361,700,0.8833034038543701
1681386743.7243438,800,0.8599640727043152
