Wall time,Step,Value
1681386550.3852777,0,0.6750448942184448
1681386556.1323397,100,0.8294434547424316
1681386561.612002,200,0.850987434387207
1681386565.9376411,300,0.874326765537262
1681386570.2636998,400,0.8707360625267029
1681386574.5860822,500,0.8850987553596497
1681386578.9353046,600,0.8850987553596497
1681386583.2638104,700,0.8797127604484558
1681386587.5903606,800,0.8833034038543701
