Wall time,Step,Value
1681386398.4305124,0,0.6732495427131653
1681386403.9920735,100,0.7845601439476013
1681386409.4892275,200,0.8599640727043152
1681386413.826264,300,0.8617594242095947
1681386418.1394908,400,0.8761220574378967
1681386422.4546745,500,0.8797127604484558
1681386426.7732186,600,0.874326765537262
1681386431.1642962,700,0.8491920828819275
1681386435.4687603,800,0.8545780777931213
