Wall time,Step,Value
1681386498.6922452,0,0.6750448942184448
1681386504.3016098,100,0.8402154445648193
1681386509.9344418,200,0.8456014394760132
1681386515.641383,300,0.865350067615509
1681386520.0354912,400,0.8671454191207886
1681386524.394604,500,0.8779174089431763
1681386528.7869532,600,0.8868940472602844
1681386533.1856043,700,0.8671454191207886
1681386537.5109746,800,0.8850987553596497
