Wall time,Step,Value
1681386662.9643192,0,0.6750448942184448
1681386663.5355177,100,0.8689407706260681
1681386664.0647454,200,0.874326765537262
1681386664.5673463,300,0.8868940472602844
1681386665.1513164,400,0.8868940472602844
1681386665.656992,500,0.8797127604484558
1681386666.161313,600,0.8779174089431763
1681386666.6585464,700,0.8850987553596497
1681386667.1989841,800,0.8599640727043152
