Wall time,Step,Value
1681386018.0686934,0,0.6750448942184448
1681386018.6409297,100,0.8815080523490906
1681386019.1136384,200,0.8797127604484558
1681386019.5470574,300,0.8815080523490906
1681386020.0738738,400,0.8850987553596497
1681386020.5661473,500,0.888689398765564
1681386021.0239646,600,0.888689398765564
1681386021.4695122,700,0.888689398765564
1681386021.9369984,800,0.8725314140319824
