Wall time,Step,Value
1681386714.1989057,0,0.6499102115631104
1681386714.8342075,100,0.809694766998291
1681386715.3348324,200,0.818671464920044
1681386715.7849457,300,0.8402154445648193
1681386716.2424872,400,0.8527827858924866
1681386716.7231066,500,0.8581687808036804
1681386717.235719,600,0.8599640727043152
1681386717.6819139,700,0.8725314140319824
1681386718.1422741,800,0.8725314140319824
