Wall time,Step,Value
1681386094.0144422,0,0.6732495427131653
1681386096.250981,100,0.8671454191207886
1681386098.4692833,200,0.8761220574378967
1681386100.2890792,300,0.874326765537262
1681386102.097839,400,0.8779174089431763
1681386103.949448,500,0.8761220574378967
1681386105.7693868,600,0.865350067615509
1681386107.5947049,700,0.8456014394760132
1681386109.4446166,800,0.8438060879707336
